pergunta,resposta,data
Como as vacinas de mRNA Covid-19 (como as vacinas Pfizer / BioNTech e Moderna Covid-19) funcionam?,"Duas vacinas de RNA mensageiro (mRNA) estão atualmente disponíveis nos Estados Unidos, uma desenvolvida pela Pfizer / BioNTech (BNT162b2) e a outra pela Moderna (mRNA-1273). Nessas vacinas, o mRNA carrega instruções para fazer a proteína spike SARS-CoV-2 - as projeções espinhosas na superfície do vírus, que são estruturadas como aquelas bolas de borracha que os cães adoram perseguir ou como os espinhos de um porco-espinho. Assim que a vacina é injetada, o mRNA é captado pelos macrófagos próximos ao local da injeção e instrui essas células a produzirem a proteína do pico. A proteína spike então aparece na superfície dos macrófagos, induzindo uma resposta imunológica que imita a maneira como combatemos as infecções e nos protege da infecção natural com o SARS-CoV-2. Enzimas no corpo então degradam e eliminam o mRNA. Nenhum vírus vivo está envolvido e nenhum material genético entra no núcleo das células. Embora essas sejam as primeiras vacinas de mRNA a serem amplamente testadas e usadas na prática clínica, os cientistas vêm trabalhando em vacinas de mRNA há anos. E apesar desta maravilhosa peça de paródia dizendo que a tecnologia é óbvia, na verdade o insight inovador que colocou o mRNA dentro de um revestimento lipídico para evitar que ele se degradasse é bastante brilhante e sim, esta pode ser a primeira vez que o New England Journal of Medicine fez referência a um artigo do Jornal Norte Americano The Onion.","(Última revisão / atualização em 27 de abril de 2021)"
Como as vacinas de adenovírus Covid-19 (como a vacina Johnson & Johnson) funcionam?,"A vacina J&J é um vetor de adenovírus humano incompetente para replicação recombinante, que codifica um antígeno de proteína de pico SARS-CoV-2 estabilizado de comprimento total. Recombinante pode ser entendido como geneticamente modificado em um laboratório. Incompetente para replicação, ou que não pode se reproduzir em humanos. Sem risco de disseminação viral. Serótipo 26 de adenovírus. Existem muitos serótipos de adenovírus na comunidade. Este é incomum, o que é importante porque a imunidade preexistente a um adenovírus pode diminuir nossa resposta à vacina. O nome da vacina J&J refere-se a este sorotipo (Ad26) e ao antígeno que carrega - Ad26.COV2.S. Codificação do vetor - o vírus atua como um transportador (vetor) do gene, o DNA, que codifica o antígeno, que é um Antígeno de proteína spike SARS-CoV-2 estabilizado de comprimento total - os pesquisadores pegaram a maquinaria genética, ou DNA, do SARS-CoV-2 que faz o antígeno spike inteiro e o tornou estável o suficiente para ser transportado dentro do adenovírus. Quando a vacina é injetada, o adenovírus não consegue se replicar, mas seu material genético pode entrar no núcleo da célula hospedeira e ser convertido em RNA mensageiro. O mRNA então cria antígenos de proteína de pico de SARS-CoV-2, que induzem uma resposta do hospedeiro semelhante à infecção natural com o vírus que causa Covid-19. Tanto o anticorpo quanto a imunidade celular são estimulados. Observe que existem outras vacinas de vetor de adenovírus em uso globalmente que carregam o DNA da proteína spike SARS-CoV-2. Nenhum deles ainda está disponível aqui nos Estados Unidos e ambos usam duas doses como estratégia de vacina. A vacina Oxford, AstraZeneca, usa um adenovírus de chimpanzé modificado para não se replicar em humanos. A vacina Sputnik V começa com o mesmo adenovírus Ad26 da vacina J&J, mas depois muda para o adenovírus do sorotipo 5 para a segunda dose. Essa mudança teoricamente melhora o efeito de reforço desta vacina, pois reduz a chance de que a imunidade adquirida ao Ad26 diminua a resposta imunológica.","(Última revisão / atualização em 27 de abril de 2021)"
O que sabemos sobre a eficácia das vacinas de mRNA?,"Ambas as vacinas de mRNA são notavelmente eficazes. Em grandes ensaios clínicos que envolveram dezenas de milhares de pessoas, as vacinas reduziram a chance de desenvolver Covid-19 em cerca de 95% em comparação com as injeções de placebo. Conforme resumido com bastante precisão neste desenho animado do XKCD. , às vezes os dados são tão fortes que nem precisamos fazer uma análise estatística - foi o que aconteceu com esses dois ensaios clínicos. Os resultados foram muito bons. Embora consideremos os dados de ensaios clínicos randomizados e controlados por placebo como a forma mais forte de evidência clínica, detalhes adicionais tornam os resultados ainda mais convincentes. As vacinas preveniram não apenas qualquer doença devido ao SARS-CoV-2, mas - muito importante - doenças graves. A prevenção de doenças graves pode converter o Covid-19 da ameaça global que agora é em mais um incômodo, como um resfriado comum. Os estudos envolveram participantes que eram bastante representativos da população dos EUA - idade, sexo, raça e etnia, todos amplamente incluídos. Embora ambas as vacinas sejam administradas em duas doses, alguma proteção tornou-se aparente apenas 10 a 14 dias após a primeira dose. A eficácia observada após a primeira dose levantou questões sobre se devemos vacinar o dobro de pessoas com uma dose em vez de dar às pessoas o esquema completo de duas doses. . No entanto, os resultados de 95% da eficácia da vacina ocorrem após a segunda dose, o que aumenta a resposta imunológica e provavelmente a torna mais durável. Por enquanto, nos Estados Unidos, os Centros de Controle e Prevenção de Doenças (CDC) e a Food and Drug Administration (FDA) recomendam prosseguir com o esquema de duas doses sempre que possível. No geral, esses resultados impressionantes colocam as duas vacinas de mRNA no topo das nossas vacinas mais eficazes até hoje - mais como as vacinas contra o sarampo do que contra a gripe, pelo menos a curto prazo. A proteção é muito melhor do que qualquer um antecipou, e é por isso que muitos de nós, especialistas em doenças infecciosas, virologia, imunologia e saúde pública, ficamos totalmente tontos quando solicitados a discutir a eficácia das vacinas. Uma advertência importante aos resultados de eficácia favoráveis ??nos ensaios clínicos é que o desempenho das vacinas na prática clínica - a eficácia - pode ser diferente. A boa notícia dos primeiros estudos de base populacional é que essas vacinas também são bastante eficazes no que é comumente referido como configurações do mundo real. Por exemplo, no programa de vacinação em massa lançado em Israel com a vacina Pfizer, o Covid-19 sintomático foi reduzido em 94%. Além disso, a vacina funcionou bem quando administrada a residentes de lares de idosos. , uma população não incluída nos ensaios clínicos e de quem se espera que não responda tão bem à imunização devido à sua idade e às várias condições médicas subjacentes. Relatórios de várias instituições também mostram taxas reduzidas de Covid-19 entre os profissionais de saúde após a vacinação.","(Última revisão / atualização em 27 de abril de 2021)"
Como a vacina Johnson & Johnson foi estudada e quão eficaz foi?,"Os detalhes do ensaio clínico que levou à autorização de uso de emergência da vacina J&J estão no documento informativo do FDA. e no artigo publicado em 16 de abril de 2021. O estudo começou em setembro de 2020; aproximadamente 40.000 participantes foram inscritos na América do Norte (EUA e México), América Latina (vários países, com a maioria no Brasil) e África do Sul, e foram randomizados para receber uma injeção de Ad26.COV2.S ou placebo. O desfecho primário foi a ocorrência de Covid-19 moderado-grave com início em 14 e 28 dias após a vacinação, definido como um teste molecular positivo para SARS-CoV-2 e uma série de sintomas definidos pelo protocolo. O estudo também avaliou a soroconversão, mesmo para aqueles que não desenvolveram nenhuma doença sugestiva de Covid-19, como um marcador de infecção assintomática, bem como informações detalhadas sobre segurança e tolerabilidade. A eficácia geral da vacina foi de 66% -67% na redução da incidência de Covid-19 moderado-grave. De forma encorajadora, foi igualmente eficaz entre os menores e os maiores de 60 anos - embora, o que é importante, houvesse poucos participantes nas categorias de idade mais avançada, e aqueles com mais de 60 anos com comorbidades não pareciam ter um desempenho tão bom. Os resultados são mais impressionantes para a prevenção de doenças graves, hospitalização e morte. A vacina reduziu o risco de doença grave em 85% e reduziu o risco de hospitalização no dia 14 ou mais tarde em 93% e no dia 28 ou mais tarde em 100%; além disso, todas as sete mortes relacionadas a Covid-19 ocorreram no braço do placebo. Houve pequenas diferenças na eficácia por região, com a vacina mostrando 72% de eficácia na prevenção de doenças moderadas a graves na América do Norte, 66% na América Latina e 57% na África do Sul. Um ponto final muito interessante neste ensaio clínico (ainda) não relatado nos estudos Pfizer / BioNTech ou Moderna foi se a vacina preveniu a soroconversão assintomática. Presumivelmente, essas são pessoas que tiveram infecção com SARS-CoV-2 e nunca se sentiram mal o suficiente para relatar os sintomas aos seus locais de estudo. Um total de 18 infecções assintomáticas foram identificadas no grupo da vacina e 50 no grupo do placebo (eficácia da vacina, 65,5%; IC de 95%, 39,9 a 81,1). Uma vez que tem havido uma preocupação persistente de que a proteção da doença não é o mesmo que proteção contra a infecção - com implicações sobre o risco residual de transmissão - esses dados apoiam fortemente que a vacina também reduzirá o risco de transmissão.","(Última revisão / atualização em 3 de maio de 2021)"
Por que devemos dar uma vacina de adenovírus quando as vacinas de mRNA são mais eficazes?,"É natural que médicos e pacientes façam comparações entre estudos e observem que os resultados de eficácia do estudo da vacina J&J em geral são menores do que a eficácia de aproximadamente 95% observada nos estudos de vacina Pfizer / BioNTech e Moderna. Uma advertência importante para fazer essa conclusão definitivamente são os diferentes contextos em que os estudos foram conduzidos. O estudo J&J foi feito em um período de incidência muito maior do Covid-19, em diferentes países, e também após o surgimento de variantes que podem ser menos suscetíveis às vacinas de mRNA. Além disso, os dados sobre os pontos finais críticos de prevenção de doenças graves, hospitalização e morte parecem bastante sólidos, assim como os dados sobre a atividade contra as variantes. Inicialmente, durante o período de relativa escassez de vacinas, recomendamos que, em geral, as pessoas recebam qualquer vacina que lhes seja disponibilizada. No entanto, agora sabemos que a vacina J&J leva a um risco pequeno, mas elevado de trombose com síndrome de trombocitopenia. A população de maior risco são as mulheres mais jovens (com um risco estimado de 1 caso por 140.000 mulheres com menos de 50 anos vacinadas) e, portanto, as mulheres nesta faixa etária podem optar por receber uma vacina de mRNA. Não se sabe se isso se aplicará apenas à vacina J&J ou a todas as vacinas de adenovírus.","(Última revisão / atualização em 26 de abril de 2021)"
Quanto tempo as vacinas vão funcionar? São necessárias doses de reforço?,"Como as vacinas de mRNA foram testadas apenas desde o verão de 2020, não temos informações sobre a durabilidade da proteção. Os dados do ensaio de fase 1 da vacina Moderna sugeriram que os anticorpos neutralizantes persistiram por quase 4 meses. , com títulos diminuindo ligeiramente ao longo do tempo. Dada a ausência de informações sobre por quanto tempo as vacinas serão protetoras, atualmente não há recomendação específica para doses de reforço. No entanto, ambas as empresas estão desenvolvendo vacinas que podem ser administradas como reforços, e que também têm cobertura para variantes emergentes do SARS-CoV-2 menos suscetíveis à inibição da vacina. Tal como acontece com as vacinas de mRNA, a durabilidade da proteção da vacina Johnson & Johnson é desconhecida. Para a vacina Ad26.COV2.S em particular, esta é uma questão altamente relevante, uma vez que a estratégia no ensaio clínico era de apenas uma dose, e é assim que ela é administrada na autorização de uso de emergência inicial. Um ensaio clínico em andamento chamado COV3009 está testando atualmente esta mesma vacina com uma injeção de reforço administrada 8 semanas após a primeira, com resultados esperados ainda este ano.","(Última revisão / atualização em 27 de abril de 2021)"
As vacinas funcionam contra as variantes emergentes do SARS-CoV-2?,"Atualmente, há informações limitadas sobre a eficácia das vacinas de mRNA contra as variantes emergentes do SARS-CoV-2. Para a vacina Johnson & Johnson, o ensaio clínico da empresa mostrou aproximadamente a mesma eficácia em todas as regiões e países - incluindo África do Sul e Brasil. Especificamente, a vacina demonstrou eficácia de 72% nos Estados Unidos, 68% no Brasil e 64% na África do Sul, onde 95% dos casos foram a variante da linhagem B.1.351. Ambos os ensaios clínicos das vacinas de mRNA precederam a identificação das principais variantes atualmente presentes em todo o mundo. Estudos sugerem que as vacinas podem ser mais protetoras contra algumas das variantes do que outras. , portanto, nenhuma generalização ampla sobre a atividade da vacina contra variantes é possível. O CDC resumiu informações sobre as variantes em circulação. , e se cada um tem neutralização reduzida usando soros de convalescença e pós-vacinação. Uma limitação importante desses estudos é que a proteção conferida pela vacinação é mais complexa do que simplesmente medir as respostas dos anticorpos. Do ponto de vista prático, a descoberta dessas variantes não altera as recomendações básicas para a vacinação. Especificamente, não é recomendado que as pessoas esperem por uma vacina nova ou modificada na esperança de que ela seja mais eficaz contra as variantes emergentes do SARS-CoV-2. Tanto a Pfizer quanto a Moderna estão desenvolvendo modificações em suas vacinas existentes projetadas especificamente para uma atividade mais ampla contra cepas emergentes, mas não se sabe quando elas estarão disponíveis e como serão implantadas. Por fim, aprenderemos como essas vacinas funcionam contra as variantes por meio do sequenciamento molecular dos vírus de casos incidentes de Covid-19 que ocorrem após a vacinação. Esses casos devem ser notificados às secretarias estaduais de saúde; o CDC planeja coletar informações sobre eles, incluindo sequenciamento, se possível. Relatos de casos iniciais sugerem que tais descobertas podem ocorrer raramente. , mas ainda não temos informações suficientes para alterar as recomendações clínicas. Além disso, as informações sobre esses casos devem ser relatadas ao Sistema de Notificação de Eventos Adversos de Vacinas (VAERS).","(Última revisão / atualização em 3 de maio de 2021)"
As vacinas evitam a transmissão do vírus a outras pessoas?,"Evidências emergentes sugerem fortemente que os receptores da vacina são menos propensos a transmitir a infecção a outras pessoas. Em um grande estudo observacional conduzido em Israel, aqueles que foram vacinados tiveram uma redução de 90% no risco de infecção assintomática em comparação com aqueles não vacinados. Além disso, entre aqueles que fazem adquirir a infecção após a vacinação, parece que as cargas virais são mais baixos do que em pessoas infectadas que não foram imunizados. As cargas virais mais baixas provavelmente levam à redução do risco de transmissão. Além disso, após o dia 29 no estudo da vacina Johnson & Johnson, houve 18 soroconversões assintomáticas no grupo da vacina e 50 no braço do placebo - uma redução de 66%. É razoável supor que menos soroconversões assintomáticas signifiquem menos chances de transmissão. Esses dados encorajadores servem como um lembrete de que muitas vacinas amplamente utilizadas hoje protegem poderosamente contra doenças e transmissão - tanto que o controle da infecção é um dos principais motivadores por trás de algumas políticas de vacinas. É importante notar que, embora as vacinas reduzam o risco de transmissão, não podemos dizer que o eliminam - o efeito protetor nunca será de 100%. Como resultado, até que o número de casos diminua e uma proporção maior da população tenha recebido suas vacinas, devemos continuar a enfatizar aos nossos pacientes que a vacinação não nos permite interromper outras medidas importantes para prevenir a propagação do Covid-19. O uso de máscaras em espaços públicos internos, o distanciamento social e a prevenção de ambientes internos lotados continuam sendo estratégias importantes por enquanto.","(Última revisão / atualização em 3 de maio de 2021)"
O que sabemos sobre a segurança de curto prazo das vacinas de mRNA?,"Todas as vacinas disponíveis sob autorização de uso de emergência são bastante seguras - essa é a boa notícia e deve ser a mensagem dominante para nossos pacientes. De fato, desde seu lançamento no final de 2020 e após milhões e milhões de doses, nenhum padrão claro de eventos adversos sérios ou inesperados ocorreu. Isso é especialmente reconfortante, uma vez que a primeira onda de vacinações foi para muitas pessoas idosas e frágeis que poderiam estar em maior risco de efeitos colaterais. Mas nenhuma vacina (na verdade, nada na medicina) é 100% segura. Antes de discutir os efeitos colaterais, precisamos reconhecer que a segurança das vacinas Covid-19 estará em destaque por algum tempo - essas são novas vacinas para uma nova doença. Eventos raros aparecerão nas notícias, ampliando a atenção e a preocupação desproporcional ao risco real. Nossa tarefa será colocar esses eventos incomuns em perspectiva, ressaltando que esses riscos são muito menores do que o risco de adoecer com Covid-19. As vacinas de mRNA são classificadas como reatogênicas - o que significa que causarão alguns efeitos colaterais na maioria das pessoas que as receberem, refletindo a rápida resposta imunológica que geram. Na prática clínica, devemos colocar essas vacinas na mesma categoria de efeitos colaterais que a vacina do herpes recombinante (Shingrix), em vez da vacina anual contra a gripe. O efeito secundário mais comum é a dor no local da injeção, especialmente nas 12 a 24 horas após a administração. Cerca de 1% dos participantes nos ensaios classificaram a dor como intensa. Fadiga e dor de cabeça são outros efeitos colaterais relativamente comuns; febres altas são menos comuns. Esses efeitos colaterais geralmente desaparecem em alguns dias e respondem ao paracetamol ou a um antiinflamatório não esteroidal, como o ibuprofeno. Em geral, os efeitos colaterais são mais comuns em vacinados mais jovens do que nos mais velhos, com a segunda injeção induzindo mais efeitos colaterais do que a primeira. Algumas pessoas que recebem a vacina Moderna apresentam eritema, calor e prurido perto do local da injeção, ocorrendo de forma retardada. , normalmente 5 a 14 dias após a injeção. A adenopatia regional (especialmente axilar) também é possível. Os sintomas duram alguns dias e não são uma contra-indicação para receber a segunda injeção, e a maioria das pessoas não terá essa reação novamente. Alguns foram tratados com anti-histamínicos orais e esteróides tópicos. Nos ensaios clínicos da vacina de mRNA, a paralisia de Bell foi relatada com mais frequência em receptores de vacina do que em controles. Um estudo de acompanhamento combinando os dois ensaios clínicos. encontraram 7 casos em receptores de vacina vs. 1 em receptores de placebo (p = 0,07), com aproximadamente 35.000 pessoas em cada braço. Uma segunda revisão. não descobriram que a incidência de paralisia de Bell seja maior com as vacinas Covid-19 do que com outras vacinas usadas para prevenir infecções virais. Não houve casos de síndrome de Guillain-Barré ou mielite transversa nos ensaios clínicos. Embora a hipersensibilidade tenha ocorrido igualmente nos grupos de placebo e vacina em ambos os ensaios de mRNA, após a distribuição das vacinas no Reino Unido e nos Estados Unidos, surgiram relatos de receptores da vacina experimentando reações alérgicas graves (anafilaxia) logo após receber sua primeira dose. Devido a esses eventos raros, a administração das vacinas inclui um período de 15 minutos de observação após a vacinação - 30 minutos para aqueles com histórico de reações alérgicas graves de qualquer tipo. É extremamente importante enfatizar que essas reações alérgicas são incomuns - a estimativa atual é que a anafilaxia ocorrerá em aproximadamente 2 a 5 pessoas por milhão de vacinados. Embora essas taxas de reações alérgicas graves sejam mais altas do que aquelas com outras vacinas, elas são substancialmente mais baixas do que a taxa relatada com a penicilina, que é estimada em 1 em 10.000. Mas, uma vez que as alergias graves à penicilina não aparecem como notícias, nosso desafio será contextualizar esse risco. A primeira fase das pessoas imunizadas com essas vacinas incluía idosos - muitos deles com outros problemas médicos, ou em casas de repouso, ou ambos - e alguns receptores morreram após receber suas imunizações. Até 3 de maio de 2021, mais de 238 milhões de doses foram administradas, e cada morte que ocorre após a vacinação é revisada pelos médicos do CDC e da FDA, incluindo registros médicos, atestados de óbito e (quando disponíveis) relatórios de autópsia. Até agora, não houve nenhuma ligação identificada com a vacinação.","(Última revisão / atualização em 3 de maio de 2021)"
O que sabemos sobre a segurança de curto prazo da vacina Johnson & Johnson?,"No estudo Johnson & Johnson, as reações adversas solicitadas comuns associadas à vacina incluíram dor no local da injeção (48,6%), dor de cabeça (38,9%), fadiga (38,2%) e mialgia (33,2%). A maioria das reações foi de gravidade leve e moderada e durou em média 1 a 2 dias. Os efeitos colaterais foram mais comuns em participantes com menos de 60 anos. Em comparação com as vacinas de mRNA, esses efeitos colaterais relatados são um pouco menos comuns. Nenhum caso de anafilaxia ocorreu entre os aproximadamente 20.000 receptores da vacina no ensaio clínico. De fato, o CDC já emitiu orientação de que as pessoas que sofreram anafilaxia com sua primeira dose da vacina Pfizer / BioNTech ou Moderna podem receber a vacina J&J 4 semanas depois, sob observação cuidadosa. As reações adversas graves no ensaio J&J foram raras e semelhantes entre os braços do estudo (0,4% com vacina e placebo). Certos efeitos colaterais notáveis ??ocorreram mais comumente na vacina do que no grupo do placebo, embora os números fossem pequenos. Estes incluíram urticária (5 com vacina, 1 com placebo) e zumbido (6 vacina, 0 placebo). Dada a raridade desses efeitos colaterais, se eles podem ser associados à vacina, espera-se um uso mais amplo e a coleta de dados adicionais. Após a autorização de uso de emergência da vacina J&J e aproximadamente 7 milhões de doses administradas, surgiram relatos de eventos trombóticos graves com plaquetas baixas ocorrendo em um pequeno número de pessoas logo após receber a vacina. A síndrome agora é chamada de trombose com síndrome de trombocitopenia (TTS), com uma apresentação clínica semelhante à relatada com a vacina de vetor de adenovírus AstraZeneca. Quinze casos foram relatados desde que a vacina J&J se tornou disponível ao público, todos em mulheres; sua idade média era de 37 anos (variação de 18 a 59). Para mulheres de 18 a 49 anos, a taxa de TTS estimada é de aproximadamente 1 por 140.000 doses. Casos adicionais estão sob investigação. (Digno de nota, ocorreu um caso em um homem branco de 25 anos durante o ensaio clínico.) Nas 15 mulheres, o TTS apresentou uma média de 8 dias (variação de 6 a 15 dias) após a administração da vacina J&J. Embora os sintomas iniciais fossem leves, a doença progrediu para causar forte dor de cabeça, dor abdominal e déficits neurológicos focais. Os seios venosos cerebrais foram os mais comumente envolvidos, levando à trombose dos seios venosos cerebrais (TSCV). Coágulos em outros locais anatômicos também ocorreram e incluíram os sistemas vascular venoso e arterial. A hipótese atual é que as vacinas J&J e AstraZeneca desencadeiam uma síndrome trombótica semelhante à trombocitopenia induzida por heparina (HIT). Como resultado, os médicos foram informados de que se um paciente apresentar um evento trombótico suspeito com plaquetas baixas logo após a vacinação, eles não devem tratar com heparina, mas sim administrar de forma semelhante ao TIH autoimune. Com base nesses casos, o FDA inicialmente recomendou uma pausa na administração da vacina J&J à espera de mais dados de segurança, uma decisão apoiada pelo Comitê Consultivo sobre Práticas de Imunização (ACIP) do CDC. Em uma reunião subsequente, o ACIP votou para suspender a pausa e recomendou retomar a vacina para todas as pessoas elegíveis, acompanhado por um aviso destacando este efeito colateral raro, mas sério. Com base nos sintomas de TTS e no curso de tempo de sua ocorrência, o CDC aconselha que o seguinte aviso seja dado a todas as pessoas que recebem a vacina J&J. : Durante três semanas após receber a vacina, fique atento a possíveis sintomas de um coágulo sanguíneo com plaquetas baixas. Esses incluem: Dores de cabeça fortes ou persistentes ou visão turva; Falta de ar; Dor no peito; Inchaço nas pernas; Dor abdominal persistente; Fácil hematoma ou pequenas manchas de sangue sob a pele além do local da injeção. Os pacientes devem ser aconselhados a procurar atendimento médico com urgência caso sintam esses sintomas. Dada a ampla disponibilidade de vacinas de mRNA nos Estados Unidos, os médicos podem aconselhar seus pacientes, mulheres com menos de 50 anos, a procurar as vacinas Pfizer e Moderna, que não estão relacionadas a esse problema de coagulação. Mais informações sobre esses casos podem ser encontradas nos slides para download da reunião do ACIP. e no site do CDC.","(Última revisão / atualização em 3 de maio de 2021)"
O que sabemos sobre a segurança das vacinas a longo prazo?,"O ritmo incrivelmente rápido de desenvolvimento de vacinas significa que temos apenas meses, não anos, de acompanhamento. (Ambos os testes clínicos de mRNA começaram no verão de 2020, e o estudo da vacina J&J começou em setembro de 2020.) Mas com outras imunizações, reações graves geralmente ocorrem dentro de dias ou semanas após a administração. Felizmente, os efeitos colaterais de longo prazo com as vacinas são bastante raros, com associações putativas posteriormente desmascaradas por estudos populacionais cuidadosamente realizados. Outros dados de segurança sobre as vacinas serão relatados ao Sistema de Notificação de Eventos Adversos de Vacinas (VAERS). Este programa é um sistema nacional de alerta precoce que foi estabelecido para detectar possíveis problemas de segurança em qualquer vacina licenciada e está em operação desde 1990. Além disso, o CDC tem sua própria ferramenta baseada em smartphone, chamada v-safe,. que usa mensagens de texto e uma pesquisa baseada na Web para coletar informações logo após os pacientes receberem a vacina Covid-19.","(Última revisão / atualização em 3 de maio de 2021)"
Como e quando as vacinas estão sendo disponibilizadas?,"Após análise cuidadosa de todos os dados primários de segurança e eficácia dos ensaios clínicos de fase 3, o FDA concedeu autorização de uso de emergência (EUA) para. opens in new tab vacinas de mRNA .. - a vacina Pfizer / BioNTech em 11 de dezembro de 2020, e a vacina Moderna em 18 de dezembro. Embora esta não seja tecnicamente a licença completa que medicamentos e vacinas normalmente obtêm, o diretor do ramo do FDA que supervisiona vacinas diz que o escrutínio dos dados para uso de emergência foi semelhante ao que é necessário para a aprovação total. Processo semelhante ocorreu com a vacina Johnson & Johnson, que recebeu o status de EUA em 27 de fevereiro de 2021. Os embarques das vacinas são encaminhados aos estados por população e são coordenados pelo governo federal. As alocações e políticas de vacinas inicialmente diferiam de estado para estado. No entanto, as vacinas para Covid-19 estão agora disponíveis em todos os estados sem restrições - com os requisitos de idade, vocacional e comorbidade não mais em vigor (EUAs que limitam a vacina Pfizer-BioNTech para maiores de 16 anos e Moderna e J&J para maiores de 18 anos ainda segura).","(Última revisão / atualização em 3 de maio de 2021)"
As recomendações são iguais para cada uma das vacinas disponíveis?,"De uma perspectiva geral, as recomendações são bastante semelhantes para ambas as vacinas de mRNA - cada uma tem duas vacinas e são aplicáveis a populações semelhantes. Mas, apesar de terem mecanismos de ação, segurança e eficácia semelhantes, as duas vacinas de mRNA diferem em certos aspectos importantes. O mais relevante para quem está cuidando do paciente é que a vacina da Pfizer / BioNTech está autorizada para idades maior ou igual a 16 anos e a vacina da Moderna para maior ou igual a 18 anos. Ambas as vacinas estão sendo estudadas em crianças, e a Pfizer anunciou resultados favoráveis ??em crianças de 12 a 15 anos de idade. , mas nenhum dos dois deve ser administrado a crianças neste momento. Ambas as vacinas de mRNA requerem duas doses para uma série completa; 21 dias separam as doses com a vacina Pfizer / BioNTech, versus 28 dias com a vacina Moderna. A programação não precisa ser precisa; um período de carência de 4 dias em torno do intervalo de 21 ou 28 dias para a segunda dose é considerado válido. Se um paciente perder este período de carência para a segunda dose, nenhum intervalo entre a primeira e a segunda dose para qualquer uma das vacinas invalida a primeira dose. Em outras palavras, não há necessidade de recomeçar; apenas dê a segunda dose o mais rápido possível após a meta de 21 ou 28 dias. É possível programar uma segunda dose até 6 semanas após a primeira. Consulte também a seção 'Segunda dose de vacina' abaixo. A vacina Johnson & Johnson difere das vacinas de mRNA de várias maneiras importantes. Com base em pequenos estudos realizados durante o desenvolvimento da vacina, mostrando respostas imunes promissoras após uma única injeção, o ensaio que levou à sua autorização utilizou uma abordagem de dose única. Um ensaio clínico em andamento chamado COV3009 está testando atualmente esta mesma vacina com uma injeção de reforço administrada 8 semanas após a primeira, com resultados esperados ainda este ano. (As outras duas vacinas de vetor de adenovírus em amplo uso globalmente usam duas doses.) Ao contrário das vacinas de mRNA, a vacina J&J tem requisitos de refrigeração menos restritivos para armazenamento. Essas características tornam o envio e distribuição desta vacina mais fácil do que as vacinas de mRNA.","(Última revisão / atualização em 3 de maio de 2021)"
Uma vacina é preferível a outra para pacientes específicos?,"A vacina Pfizer / BioNTech está autorizada para idades ?16 anos, e Moderna e Johnson & Johnson para ?18 anos. Durante o período inicial de escassez de vacina, recomendamos que qualquer vacina Covid-19 seria apropriada para qualquer adulto, mas o suprimento de vacina agora é suficiente para fazer uma recomendação mais matizada. Especificamente, com base na revisão de dados desde a autorização de uso de emergência da vacina J&J, agora sabemos que esta vacina raramente pode induzir um distúrbio de coagulação potencialmente grave denominado trombose com síndrome de trombocitopenia (TTS). Mulheres mais jovens parecem estar em maior risco e, portanto, os médicos podem recomendar uma das vacinas de mRNA para mulheres com menos de 50 anos. Para as vacinas de mRNA, uma vez iniciada a série vacinal, ela deve ser completada com a mesma vacina no esquema recomendado, se possível. Não há dados de segurança ou eficácia sobre o uso de uma vacina para a primeira dose e uma vacina diferente para a segunda. No entanto, o CDC afirma que quando o produto da vacina de primeira dose não pode ser determinado ou não está mais disponível, qualquer vacina de mRNA Covid-19 disponível pode ser administrada em um intervalo mínimo de 28 dias entre as doses para completar a série de vacinação. Embora essa estratégia deva ser evitada, se possível, não consigo pensar em um motivo para ela ser problemática nessas circunstâncias. Para pacientes que têm uma reação alérgica grave à sua primeira vacina de mRNA, o CDC recomenda que a vacina J&J seja dada como uma segunda dose sob observação cuidadosa.","(Última revisão / atualização em 3 de maio de 2021)"
Existem contra-indicações para alguma das vacinas?,"A única contra-indicação absoluta para essas vacinas é a hipersensibilidade conhecida aos componentes da vacina. As recomendações específicas do CDC em relação às contra-indicações listam o seguinte: Reação alérgica grave (por exemplo, anafilaxia) após uma dose anterior de uma vacina Covid-19 ou qualquer um de seus componentes; Reação alérgica imediata de qualquer gravidade a uma dose anterior de uma vacina Covid-19 ou uma alergia conhecida a qualquer componente da vacina. Observe que uma história de anafilaxia em reação a qualquer outra vacina ou terapia injetável não é uma contra-indicação para essas vacinas Covid-19, mas as pessoas com essa história devem ser observadas por pelo menos 30 minutos após receberem sua dose. Se uma pessoa apresentar anafilaxia ou outra reação alérgica grave à primeira injeção de uma vacina de mRNA, a pessoa não deve receber a segunda. No entanto, o CDC observa que eles devem considerar a obtenção da vacina Johnson & Johnson 4 semanas depois, sob observação cuidadosa. Pessoas que sentirem dor intensa ou outras reações não alérgicas à primeira dose da vacina de mRNA precisarão tomar uma decisão individual sobre se devem prosseguir com a segunda injeção - não é contra-indicado, mas os efeitos colaterais podem ser piores com a segunda dose. (Observe que as pessoas com histórico de Covid-19 freqüentemente relatam que o primeirodose tem mais efeitos colaterais do que a segunda, provavelmente devido ao seu sistema imunológico já estar preparado para responder a uma vacina Covid-19.) Para pessoas preocupadas com a recorrência de efeitos colaterais graves após a segunda dose, uma estratégia potencial é administrar paracetamol ou ibuprofeno assim que a dor começar após a segunda dose. O CDC não recomenda a administração pré-vacina dessas drogas, uma vez que, teoricamente, elas poderiam embotar as respostas de anticorpos induzidas pela vacina. Os anticorpos monoclonais ou plasma convalescente para o tratamento de Covid-19 podem reduzir potencialmente a eficácia das vacinas. Qualquer pessoa que tenha recebido esses tratamentos deve atrasar o recebimento da vacina Covid-19 por pelo menos 90 dias, uma duração que leva em consideração a meia-vida conhecida dessas terapias e a baixa probabilidade de que alguém com Covid-19 experimente reinfecção neste período período. Uma discussão mais aprofundada da justificativa por trás desta recomendação foi adicionada às considerações clínicas da orientação do CDC.","(Última revisão / atualização em 3 de maio de 2021)"
Um paciente com histórico de reação alérgica pode receber a vacina Covid-19?,"Alguém com histórico de alergias pode definitivamente receber as vacinas - não importa se é uma alergia a outras vacinas ou medicamentos ou a picadas de abelha, comida ou pólen. Como foi amplamente relatado, houve casos raros de reações alérgicas graves à primeira dose das vacinas de mRNA. Quando isso ocorre, a segunda dose (de qualquer das vacinas de mRNA) não deve ser administrada. O CDC afirma que uma única dose da vacina Johnson & Johnson pode ser considerada em um intervalo mínimo de 28 dias após a dose inicial da vacina de mRNA. Nenhum caso de anafilaxia ocorreu entre os aproximadamente 20.000 receptores da vacina no ensaio clínico da vacina J&J. É importante ressaltar que essa reação rara, mas potencialmente fatal, às vacinas de mRNA não se tornou evidente até que centenas de milhares de pessoas receberam injeções após sua autorização de uso de emergência. Como resultado, não sabemos ainda se a vacina Ad26.COV2.S também raramente causará esse efeito colateral.","(Última revisão / atualização em 3 de maio de 2021)"
Os pacientes imunocomprometidos devem ser vacinados e como devemos administrar seus medicamentos?,"O CDC considera que os pacientes imunocomprometidos apresentam risco aumentado para Covid-19 grave. Isso é amplamente definido como pacientes com histórias que atendem aos seguintes critérios, que não são 100% inclusivos: Câncer; Transplante de medula óssea; Transplante de órgão sólido; Células-tronco para tratamento de câncer; Deficiências imunológicas genéticas; HIV; Uso de corticosteroides orais ou intravenosos ou outros medicamentos chamados imunossupressores que diminuem a capacidade do corpo de combater algumas infecções (por exemplo, micofenolato, sirolimus, ciclosporina, tacrolimus, etanercepte, rituximabe). A Sociedade Americana de Hematologia e a Sociedade Americana de Transplante e Terapia Celular têm uma lista semelhante com detalhes adicionais. Devido ao risco elevado de Covid-19 grave nesta população, os pacientes imunocomprometidos devem receber as vacinas de Covid-19 se não houver contra-indicações. Essa é a parte fácil. O que é mais desafiador é estimar a segurança e, particularmente, a eficácia das vacinas nessa população, uma vez que os testes clínicos não incluíram um grande número de pessoas nessas categorias individuais. Como as vacinas Pfizer / BioNTech e Moderna não incluem vírus vivo, não há risco de disseminação do vírus. Não se sabe se os antígenos na vacina irão desencadear um risco aumentado de rejeição (para pacientes transplantados) ou doença autoimune (para aqueles com doenças reumatológicas ou outras doenças autoimunes), mas é reconfortante que tais efeitos adversos sejam infrequentes com outras vacinas. Além disso, os ensaios clínicos não observaram diferença na ocorrência de doenças autoimunes ou distúrbios inflamatórios nos participantes do estudo que receberam a vacina em comparação com o placebo. Embora geralmente não recomendemos vacinas de vírus vivo para pessoas com deficiências imunológicas, o adenovírus da vacina Johnson & Johnson e as outras vacinas que usam esse mecanismo foram modificados para que os vetores não possam se replicar em humanos. Como resultado, as vacinas não apresentam risco de disseminação para pacientes imunocomprometidos - ou transmissão para pessoas imunocomprometidas dentro de casa ou em outros ambientes. A eficácia da vacina depende de uma resposta intacta do hospedeiro; como resultado, a imunização pode ser menos eficaz em hospedeiros imunocomprometidos do que na população em geral. Respostas embotadas de anticorpos à vacinação com Covid-19 foram relatadas em receptores de transplante de órgãos sólidos. Outros estudos das vacinas Covid-19 em pessoas com imunossupressão estão em andamento. A importância da resposta imune do hospedeiro na determinação da eficácia da vacina é a base para a recomendação do CDC de que, idealmente, as vacinas devem ser concluídas pelo menos 2 semanas antes do início das terapias imunossupressoras. Quer essa estratégia seja possível ou não, ao imunizar pacientes imunocomprometidos para Covid-19, devemos aconselhá-los sobre uma possível redução na eficácia da vacina. É também um bom momento para lembrá-los da importância contínua de outras medidas de prevenção, como uso de máscara em espaços públicos fechados, distanciamento social, prevenção de multidões e lavagem das mãos. Membros da família de pessoas com sistema imunológico enfraquecido também devem ser imunizados, se possível. Os médicos podem se perguntar sobre o adiamento ou interrupção das terapias imunossupressoras ou quimioterapia antes de iniciar a série de vacinas Covid-19 e, em seguida, reiniciá-la quando as duas injeções forem administradas. Embora tais estratégias tenham apelo teórico, nenhuma orientação geral pode ser fornecida atualmente aplicável a todos neste grupo diverso. Em 8 de fevereiro de 2021, o American College of Rheumatology emitiu uma diretriz clínica sobre o manejo da imunossupressão em pacientes com doença reumática. , reconhecendo as incertezas existentes, mas fornecendo alguns conselhos gerais. Como muitos pacientes com outros estados de doença também estão recebendo terapias imunossupressoras, precisaremos considerar a manutenção ou o adiamento da imunossupressão caso a caso, dependendo da gravidade da condição subjacente e da urgência de seu tratamento. Todos os ensaios clínicos incluíram um pequeno número de pessoas com HIV clinicamente estáveis ??que estavam em terapia anti-retroviral - 120 e 176 nos ensaios Pfizer / BioNTech e Moderna, respectivamente, e 2,8% dos participantes do estudo J&J. Embora esses números sejam muito pequenos para tirar qualquer conclusão sobre segurança e eficácia em pessoas com HIV, não há razão teórica para que alguém com HIV bem controlado tenha problemas com essas vacinas, e a imunização é recomendada. Para pessoas com HIV que não estão em terapia anti-retroviral, especialmente aquelas com contagens de células CD4 baixas, minha opinião é que a priorização do tratamento do HIV em relação à vacinação com Covid-19 é garantida - tanto para prevenção de complicações relacionadas ao HIV quanto para melhorar a resposta à vacina.","(Última revisão / atualização em 6 de abril de 2021)"
As vacinas de vetor de adenovírus contêm vírus vivo - são seguras para pacientes imunocomprometidos?,"Embora geralmente não recomendemos vacinas de vírus vivo para pessoas com deficiências imunológicas, o adenovírus da vacina Johnson & Johnson e as outras vacinas que usam esse mecanismo foram modificados para que os vetores não possam se replicar em humanos. Como resultado, as vacinas não apresentam risco de disseminação para pacientes imunocomprometidos - ou transmissão para pessoas imunocomprometidas dentro de casa ou em outros ambientes.","(Última revisão / atualização em 29 de março de 2021)"
Quais são as preocupações sobre as vacinas de adenovírus e HIV?,"Tal como acontece com os estudos Moderna e Pfizer / BioNTech, uma pequena proporção das pessoas inscritas no estudo Johnson & Johnson (2,8%) tinha doença VIH estável - estavam a fazer terapêutica para o VIH e não tinham infecções activas ou neoplasias. Os números são muito pequenos para dizer de forma conclusiva se a vacina é mais ou menos eficaz ou tem problemas especiais de segurança nessa população, mas não há nenhuma razão teórica para isso. Existe alguma preocupação residual sobre as vacinas de vetores de adenovírus para pessoas que não têm HIV e estão em alto risco de adquirir a infecção. Isso é baseado nos resultados de um ensaio clínico testando uma vacina de vetor de adenovírus para a prevenção do HIV, denominado estudo STEP. , que demonstrou que aqueles que receberam a vacina tinham maior risco de adquirir o HIV em comparação com o grupo do placebo. Consequentemente, alguns aconselharam cautela. sobre o uso de vacinas de vetor de adenovírus em pessoas HIV-negativas com alto risco de aquisição do HIV.","(Última revisão / atualização em 6 de abril de 2021)"
Pessoas grávidas ou amamentando devem ser vacinadas?,"Embora as gestantes e lactantes não tenham sido inscritas nos ensaios da vacina Covid-19 original e, como resultado, haja dados limitados sobre a segurança, o CDC informa que as vacinas serão oferecidas às gestantes ou lactantes. Esta visão é compartilhada pelo American College of Obstetricians and Gynecologists. e a Sociedade de Medicina Materno-Fetal. É bom quando todos esses grupos concordam! Um ensaio da vacina Pfizer / BioNTech em grávidas está em andamento. Tal como acontece com os estudos de fase 3 da vacina de mRNA, mulheres grávidas e amamentando não podiam se inscrever no ensaio clínico Johnson & Johnson, nem eram elegíveis se planejassem engravidar logo após a inscrição. Durante o curso do estudo, oito mulheres engravidaram, quatro em cada braço do estudo (vacina e placebo), e houve um pequeno número de resultados adversos relacionados à gravidez em ambos os grupos - muito poucos para serem atribuídos à participação no estudo ou às vacinas. Dadas as preocupações sobre trombose com síndrome de trombocitopenia (TTS) com esta vacina em mulheres mais jovens e, em particular, o risco elevado de coagulação na gravidez em geral, os médicos podem preferir vacinas de mRNA para essa população. Desde o lançamento das vacinas Covid-19, agora existe um registro de gravidez de vacina Covid-19 v-safe separado. para pessoas que são vacinadas no período de periconcepção ou durante a gravidez. Esta iniciativa ajudará a reunir mais informações de segurança não disponíveis nos ensaios clínicos. Os dados coletados a partir deste programa com as vacinas de mRNA não demonstram quaisquer problemas de segurança óbvios até agora. É importante ressaltar que não há nenhuma razão teórica para que as vacinas de mRNA sejam prejudiciais à mãe durante a gravidez, ao feto em desenvolvimento ou ao lactente. O mesmo é verdade para a vacina J&J, além da questão do TTS, embora isso possa ser suficiente para justificar a recomendação de uma vacina de mRNA para mulheres grávidas e amamentando. Também tranquilizador é que ratas gestantes que receberam a vacina Moderna não demonstraram quaisquer preocupações de segurança relacionadas ao desenvolvimento fetal ou embrionário. Um benefício potencial da imunização durante a gravidez é a transferência transplacentária de anticorpos maternos para o bebê. Esta é a principal justificativa por trás da recomendação de imunização contra coqueluche durante a gravidez. Um relato de caso recente demonstrou que essa transferência de anticorpos ocorre também com a vacinação com Covid-19. , que teoricamente também poderia oferecer proteção neonatal. As gestantes devem ser informadas de que estudos observacionais mostram que a gravidez é um fator de risco para doenças graves devido ao Covid-19, tanto quanto para a gripe. Com base nessas informações e na probabilidade de exposição à Covid-19, junto com as informações sobre os dados de segurança limitados (mas reconfortantes) disponíveis até o momento, as gestantes podem tomar uma decisão informada sobre a aceitação da vacina. No entanto, é importante enfatizar que a vacina deve ser oferecida a eles - da mesma forma que fazemos com a vacina contra a gripe - e que eles devem ter a oportunidade de esclarecer suas dúvidas. Um médico ou enfermeiro do departamento de emergência pode optar por receber a vacina, enquanto uma pessoa que trabalha em casa com muito poucas interações sociais pode optar por não fazê-lo, aguardando mais dados.","(Última revisão / atualização em 3 de maio de 2021)"
A vacinação deve ser adiada se o paciente apresentar algum sintoma ou estiver doente?,"A vacinação deve ser adiada em pessoas com doença aguda, de preferência até após a recuperação. Isso se aplica a doenças agudas não relacionadas à Covid-19 e potencialmente relacionadas à Covid-19. No entanto, pessoas com doenças crônicas e sintomas estáveis ??são elegíveis para receber as vacinas; exemplos seriam pessoas com doença pulmonar obstrutiva crônica (DPOC) e dispneia aos esforços ou aqueles com doença inflamatória intestinal e sintomas gastrointestinais. Muitos dos participantes nos ensaios clínicos de fase 3 tinham problemas médicos subjacentes e, embora não estivessem gravemente doentes, alguns presumivelmente apresentavam sintomas de suas doenças - essa é a natureza das condições médicas crônicas.","(Última revisão / atualização em 6 de abril de 2021)"
Existem idades mínimas ou máximas para os pacientes receberem as vacinas?,"A vacina Pfizer / BioNTech está autorizada para pacientes ?16 anos e as vacinas Moderna e Johnson & Johnson para ?18 anos. Estudos em crianças estão em andamento, com resultados encorajadores para a vacina Pfizer / BioNTech em adolescentes. , mas nenhuma das vacinas deve ser administrada a crianças neste momento. (A Pfizer buscou autorização de uso de emergência para uso até 12 anos de idade.) Não há restrição de idade máxima. Dado o preço desproporcional que a Covid-19 tem sobre os idosos - essencialmente todos os estudos concluem que a idade avançada é um fator de risco para doenças graves - os idosos devem ser fortemente encorajados a serem imunizados. Uma importante incógnita com base apenas nos resultados dos ensaios clínicos é a eficácia das vacinas na população idosa frágil, especialmente naqueles de idade extremamente avançada ou que vivem em lares de idosos. Embora esta seja uma população-alvo para imunização precoce, este subconjunto específico de idosos não participou dos ensaios clínicos de fase 3, porque os participantes do estudo tinham que estar ambulatoriais e clinicamente estáveis. Desde o lançamento das vacinas, no entanto, agora temos estudos de base populacional que mostram um declínio substancial nas hospitalizações devido à Covid-19 entre pessoas com mais de 70 anos, incluindo dados de lares de idosos. Esses dados encorajadores sugerem que, embora as pessoas vacinadas mais velhas tenham níveis mais baixos de anticorpos do que os receptores mais jovens, elas ainda apresentam proteção significativa.","(Última revisão / atualização em 13 de abril de 2021)"
Qual é a melhor maneira de abordar a hesitação à vacina em meus pacientes?,"A suspeita pública sobre a segurança e eficácia das vacinas é antiga, remontando aos primeiros esforços para reduzir a gravidade da varíola usando a variolação no início do século XVIII. Mais recentemente, as preocupações amplamente divulgadas sobre a vacina MMR e uma suposta ligação com o autismo - com base em um artigo retratado - persistem até hoje, apesar de ser consistentemente desacreditado em estudos populacionais subsequentes. Outros argumentos contra a vacinação incluem o medo da introdução de toxinas no corpo, preocupações com o controle do sistema imunológico, um desejo por imunidade natural e teorias de conspiração envolvendo o governo ou a indústria farmacêutica, ou ambos. Visto que as origens da hesitação à vacina são diversas, nenhuma abordagem do tipo tamanho único é a melhor para cada paciente. Os especialistas nesta área comentam consistentemente que é importante eliciar as preocupações específicas e tentar abordá-las de uma maneira não confrontadora. Fornecer informações confiáveis ??para ajudar a preencher as lacunas no entendimento sobre as vacinas ou a doença é certamente importante, mas pode não ser suficiente para conter a hesitação vacinal. Muitos médicos citarão sua própria decisão e a de seus colegas de serem vacinados - e de vacinar suas famílias - e, de maneira anedótica, tal estratégia é persuasiva em casos individuais. Felizmente, o CDC reuniu materiais claros voltados para o paciente sobre a vacinação para Covid-19 em um kit de ferramentas de comunicação. Isso inclui gráficos simples, vídeos e exemplos de postagens de mídia social que apóiam a vacinação.","(Última revisão / atualização em 13 de abril de 2021)"
Que conselho deve ser dado aos pacientes que acreditam ser melhor esperar pela imunidade do rebanho para protegê-los?,"Existem duas razões excelentes para recomendar a vacinação em vez da imunidade de rebanho. A primeira é que a imunização protege o indivíduo contra Covid-19, que é uma doença potencialmente fatal. Estudos feitos cuidadosamente mostram que Covid-19 tem uma taxa de letalidade muito maior do que a gripe e, embora a idade avançada seja o principal fator de risco para doenças graves, os jovens também podem ficar gravemente doentes. Além disso, algumas pessoas, mesmo com doença moderadamente grave, que não requerem hospitalização, apresentam sintomas significativos que podem persistir por semanas ou meses. As queixas comuns incluem fadiga, falta de ar, palpitações, dor no peito, dificuldade de concentração e névoa do cérebro. A segunda razão para defender que um indivíduo receba a vacina Covid-19 é que ela protegerá outras pessoas. Pessoas com Covid-19 - a doença real - são altamente infecciosas durante as fases iniciais da doença e podem transmitir a infecção para outras pessoas. Em contraste, é altamente provável que a imunização reduza o risco de transmissão viral . Portanto, embora não possamos concluir que a imunização elimina esse risco - por isso ainda recomendamos máscaras e distanciamento social enquanto o número de casos é alto - a evidência científica aponta fortemente para que as vacinas o reduzam, tornando todos nós mais seguros.","(Última revisão / atualização em 13 de abril de 2021)"
Quais recursos precisam estar imediatamente disponíveis quando as vacinas são administradas?,"A capacidade principal é ter recursos disponíveis para gerenciar a anafilaxia - recursos humanos (por exemplo, enfermeiras, farmacêuticos ou médicos) e equipamentos. O CDC lista suprimentos e equipamentos de emergência. que devem estar disponíveis em todos os locais (epinefrina, anti-H1, manguitos de pressão arterial e estetoscópios) e itens que devem estar disponíveis, se possível (oxímetro de pulso, oxigênio, fluidos intravenosos e kit de intubação). Eles ainda observam que pelo menos 3 doses de epinefrina estão disponíveis em todos os momentos. Como o Covid-19 pode ser transmitido de pessoas sem sintomas, é importante garantir que todos os provedores e aqueles que recebem as vacinas sigam as melhores práticas de prevenção de infecções durante a consulta com a vacina. Essas práticas incluem o uso de máscaras, minimizando o tempo em contato próximo com outras pessoas e evitando espaços internos lotados com pouca ventilação. O CDC fornece orientação sobre práticas seguras de imunização durante a pandemia de Covid-19.","(Última revisão / atualização em 13 de abril de 2021)"
Como os efeitos colaterais iniciais devem ser gerenciados?,"Analgésicos e antipiréticos, como paracetamol ou ibuprofeno, são eficazes no controle dos efeitos colaterais pós-vacina, incluindo dor no local da injeção, mialgias e febre. No entanto, o CDC não recomenda a administração pré-vacina dessas drogas, uma vez que teoricamente poderiam embotar as respostas de anticorpos induzidas pela vacina. Devido ao pequeno risco de anafilaxia, os locais que administram as vacinas devem ter estratégias disponíveis para avaliar e tratar essas reações potencialmente fatais. O CDC emitiu recomendações sobre como os locais devem se preparar.","(Última revisão / atualização em 13 de abril de 2021)"
O paracetamol ou os antiinflamatórios não esteróides devem ser tomados antes da vacinação para prevenir os sintomas pós-vacinação?,"Embora essas drogas possam diminuir os efeitos colaterais subjetivos, teoricamente também podem embotar a resposta imunológica e tornar as vacinas menos eficazes - portanto, não são recomendadas antes da vacinação. Eles são úteis, no entanto, para diminuir os efeitos colaterais, uma vez que ocorrem. O paracetamol é o preferido para grávidas.","(Última revisão / atualização em 13 de abril de 2021)"
Que instruções devo dar a um paciente após a vacinação?,"Estamos acostumados a fornecer aos pacientes uma declaração de informações sobre a vacina (VIS) para cada vacina que administramos, mas as VISs ainda não estão disponíveis para as vacinas Covid-19. Espero que sejam desenvolvidos assim que as vacinas sejam formalmente aprovadas pelo FDA. No lugar de um VIS, devemos fornecer a autorização de uso de emergência (EUA) - ficha técnica autorizada. a todos os destinatários da vacina. A ficha fornece as seguintes informações: Informações básicas sobre Covid-19, sintomas e o que discutir com um profissional de saúde antes da vacinação Quem deve e não deve receber a vacina Escolha do destinatário para receber a vacina Informações sobre a série de vacinas Riscos e benefícios potenciais e conhecidos da vacina, incluindo efeitos colaterais comuns Informações sobre a notificação de efeitos colaterais ao Sistema de Notificação de Eventos Adversos de Vacinas (VAERS) Uma explicação do que é um EUA e porque é emitido Quaisquer alternativas disponíveis aprovadas para prevenir Covid-19 Recursos adicionais","(Última revisão / atualização em 13 de abril de 2021)"
Um paciente que recebeu a vacina Covid-19 precisa evitar o contato com pessoas grávidas ou imunossuprimidas ou com outras doenças crônicas ou agudas?,"As vacinas de mRNA não contêm nenhum vírus vivo; nenhum dos componentes da vacina pode ser transmitido a outras pessoas. Além disso, o adenovírus da vacina Johnson & Johnson foi modificado para que não possa se replicar em humanos. Como resultado, não há restrição ao contato com outras pessoas, incluindo populações vulneráveis, como grávidas ou hospedeiros imunocomprometidos.","(Última revisão / atualização em 13 de abril de 2021)"
O que é v-safe? Meus pacientes devem se inscrever?,"Depois de receber a vacina Covid-19, os pacientes têm a opção de se inscrever no v-safe. Esta ferramenta baseada em smartphone do Centro de Controle e Prevenção de Doenças (Centers for Disease Control - CDC) fornece check-ins automatizados após a vacinação de Covid-19, permitindo que as pessoas relatem efeitos colaterais usando um site online seguro. Para aqueles que relatam efeitos colaterais graves ou notáveis, um oficial do CDC pode ligar para coletar mais detalhes sobre o que aconteceu. Além de coletar essas informações, o v-safe também enviará lembretes sobre o recebimento da segunda vacina. Embora a inscrição no v-safe seja voluntária, minha opinião é que devemos encorajar nossos pacientes a participarem. Estamos no meio da maior pandemia em mais de um século, e as vacinas são uma estratégia fundamental para mantê-la sob controle. Coletar o máximo de informações possível sobre a segurança das vacinas é extremamente importante nas próximas semanas e meses.","(Última revisão / atualização em 13 de abril de 2021)"
Há algo que preciso observar ou relatar após a administração de uma vacina? Como faço para relatar isso?,"Os efeitos colaterais previstos não precisam ser relatados, a menos que sejam tão graves que desencadeiem a hospitalização ou uma visita ao departamento de emergência. O efeito secundário mais comum é a dor no local da injeção, especialmente nas 12 a 24 horas após a administração. Cerca de 1% dos participantes do estudo classificaram a dor como intensa. Fadiga e dor de cabeça são outros efeitos colaterais relativamente comuns; febres altas são menos comuns. Esses efeitos colaterais geralmente desaparecem em alguns dias e respondem ao paracetamol ou a um antiinflamatório não esteroidal, como o ibuprofeno. Em geral, os efeitos colaterais são mais comuns em recipientes de vacina mais jovens do que em recipientes mais velhos, com a segunda injeção induzindo mais efeitos colaterais do que a primeira - embora as pessoas com histórico de Covid-19 freqüentemente relatem mais efeitos colaterais com a primeira vacina. A vacina J&J apresenta um pequeno risco de trombose com síndrome de trombocitopenia (TTS), que é um distúrbio de coagulação associado ao baixo nível de plaquetas. Os locais mais comuns de coagulação estão nos seios venosos cerebrais, com outros locais anatômicos também envolvidos. Os casos ocorreram dentro de 3 semanas da administração da vacina. Com base nessas observações, o CDC agora recomenda que qualquer pessoa que recebeu esta vacina nas 3 semanas anteriores procure atendimento médico para qualquer um dos seguintes sintomas. : Dores de cabeça fortes ou persistentes ou visão turva - Falta de ar -Dor no peito - Inchaço nas pernas - Dor abdominal persistente - Fácil hematoma ou pequenas manchas de sangue sob a pele além do local da injeção. A STT parece ser mais comum em mulheres com menos de 50 anos, ocorrendo em aproximadamente 1 em 150.000 doses administradas. Os clínicos devem denunciar graves efeitos adversos através do Sistema de Informação de Eventos Adversos de Vacinas (VAERS). Isso deve ser feito se você acha que o efeito colateral estava relacionado à vacina ou não. O FDA define um efeito adverso grave como um ou mais dos seguintes: - Morte - Um evento adverso com risco de vida - Internação hospitalar ou prolongamento da hospitalização existente - Incapacidade persistente ou significativa ou interrupção substancial das funções normais da vida - Uma anomalia congênita ou defeito de nascença. Um evento médico importante que (com base no julgamento médico apropriado) pode colocar a pessoa em risco e pode exigir intervenção médica ou cirúrgica para prevenir um dos resultados listados acima Síndrome inflamatória multissistêmica Casos de Covid-19 que resultam em hospitalização ou morte Dada a rapidez com que as vacinas passaram pelo desenvolvimento e testes clínicos, os provedores de cuidados de saúde são fortemente encorajados a relatar ao VAERS qualquer evento adverso clinicamente significativo que se segue à vacinação, mesmo se o provedor não tiver certeza se o evento está relacionado à vacina. Por exemplo, se um homem de 75 anos com histórico de doença cardíaca sofrer um infarto do miocárdio entre a primeira e a segunda vacinas Covid-19, isso deve ser relatado - mesmo que a vacina possa não ter causado o infarto do miocárdio. É por meio do acúmulo de tais dados que as associações potenciais podem ser identificadas. Da mesma forma, muitos de nós estão ouvindo sobre reações retardadas de significado pouco claro - exemplos de minha experiência incluem erupções cutâneas difusas, vertigem e desconforto de início tardio no local da injeção. Essas erupções têm uma aparência diversa. , e pode ocorrer de forma retardada. Em algumas dessas entidades clínicas, a relação com a vacina é desconhecida, embora plausivelmente conectada (especialmente o desconforto no local da injeção e erupções cutâneas). Para ampliar os dados de segurança disponíveis para essas novas vacinas, sugeri que cada uma das pessoas com esses problemas os relatasse em sua conta v-safe ou ao VAERS.","(Última revisão / atualização em 3 de maio de 2021)"
"Depois que as pessoas recebem a vacina Covid-19, deve haver algum teste para determinar se a vacina funcionou?","Pessoas vacinadas com as vacinas Covid-19 desenvolvem anticorpos para a proteína spike do SARS-CoV-2. No entanto, atualmente não há recomendação para testes sorológicos pós-imunização. Isso pode mudar no futuro se os resultados desses testes se correlacionarem com a proteção contra infecções, especialmente se eles determinarem se as imunizações de reforço são necessárias. É importante observar que nem todos os testes de anticorpos disponíveis avaliam a presença de anticorpos anti-spike - a bula do teste de anticorpos deve fornecer essas informações. Mesmo que não haja recomendação para exames de sangue pós-imunização para respostas de anticorpos de pico, alguns pacientes ainda podem se submeter a esse teste porque são imunossuprimidos, têm algum outro motivo para se preocupar ou simplesmente estão curiosos. Se esses testes derem negativos, é importante enfatizar que ainda não há correlatos claros de proteção imunológica - ou falta de proteção - e, como resultado, repetir a imunização neste momento não é recomendado. É fundamental que os pacientes imunocomprometidos, em particular, sejam avisados ??de que um resultado de teste de anticorpo de pico positivo não significa necessariamente que eles estão tão protegidos quanto uma pessoa com função imunológica normal e, inversamente, que um resultado de teste negativo não significa que eles têm proteção zero. Para esta população, enquanto a Covid-19 estiver circulando ativamente nas comunidades, eles ainda devem ser cautelosos sobre exposições potenciais.","(Última revisão / atualização em 3 de maio de 2021)"
O que muda para meus pacientes depois que eles forem totalmente vacinados contra Covid-19?,"Os pacientes que foram vacinados são considerados protegidos uma vez que tenham passado pelo menos 2 semanas de sua segunda injeção (ou 2 semanas após sua vacina única J&J). Compreensivelmente, eles vão querer saber o que podem fazer agora que estão protegidos contra doenças graves. O CDC forneceu orientações claras. sobre quais atividades são agora consideradas seguras o suficiente para as pessoas que receberam as vacinas. A agência cita especificamente o seguinte como seguro o suficiente para pessoas que foram totalmente vacinadas: Reunião dentro de casa com pessoas totalmente vacinadas sem usar máscara Reunir-se em ambientes fechados com pessoas não vacinadas de outra família (por exemplo, visitar parentes que moram todos juntos) sem máscaras, a menos que qualquer uma dessas pessoas ou alguém com quem vivam tenha um risco aumentado de doença grave por Covid-19 Abandonar o teste se exposto a alguém com Covid-19, a menos que os sintomas se desenvolvam (embora os indivíduos vacinados que vivem em um ambiente de grupo [por exemplo, uma instituição correcional ou casa em grupo] e sejam expostos a alguém com Covid-19 devem continuar a ficar longe de outros por 14 dias e são testados mesmo que não apresentem sintomas). Este conselho apropriadamente cauteloso provavelmente será liberalizado se o número de casos continuar a cair, uma proporção maior da população for imunizada e os dados continuarem a mostrar que as vacinas reduzem fortemente a probabilidade de transmissão da infecção a outras pessoas. Um benefício adicional da vacinação é a liberalização da orientação em torno das viagens. Especificamente, o CDC declara que as pessoas totalmente vacinadas não precisam do teste Covid-19 antes ou depois da viagem doméstica, nem precisam de quarentena após a viagem. As recomendações para viagens internacionais. são um pouco mais cautelosos - e aconselham testes na devolução. Outras recomendações para proteger a si mesmo e aos outros não mudaram. Por exemplo, as pessoas que foram totalmente vacinadas devem continuar a usar máscaras em locais públicos fechados, evitar locais lotados, atrasar viagens e ficar longe de outras pessoas e fazer o teste se surgirem sintomas de Covid-19. Depois de receber as vacinas, as pessoas gravemente imunocomprometidas - em particular, se receberem tratamentos que inibem a função das células B, como o rituximabe - podem querer continuar a evitar o contato com indivíduos não imunizados. O motivo principal é que não sabemos quão bem as vacinas funcionarão em pessoas com sistema imunológico suprimido. Este conselho de advertência é particularmente relevante se houver altas taxas contínuas de transmissão na comunidade localmente.","(Última revisão / atualização em 13 de abril de 2021)"
Existem sistemas para garantir que o paciente receba a segunda dose das vacinas de mRNA?,"No momento da primeira imunização, você deve fornecer ao paciente um cartão de vacinação que inclua informações sobre a vacina que o paciente recebeu e a data prevista para a segunda dose. A segunda dose deve ser programada o mais próximo possível dos 21 dias recomendados (para Pfizer / BioNTech) e 28 dias (para Moderna) após a primeira. Se essa data não for possível, é melhor adiar a vacina por alguns dias do que administrá-la mais cedo. Se os pacientes decidirem se inscrever no programa v-safe, eles receberão um lembrete sobre sua segunda dose por mensagem de texto.","(Última revisão / atualização em 10 de março de 2021)"
"A segunda dose da vacina de mRNA pode ser administrada antes de 21 ou 28 dias, se isso ajudar a garantir que seja recebida?","Os locais de vacinação não devem oferecer rotineiramente a segunda dose da vacina antes do intervalo de tempo recomendado entre as injeções. No entanto, se uma pessoa chegar mais cedo para a segunda dose da vacina, o dia de chegada está dentro do período de carência de 4 dias, e a pessoa não pode retornar no dia designado (dia 21 para Pfizer / BioNTech, dia 28 para Moderna), então, a vacina deve ser administrada para garantir que as duas doses sejam recebidas. Em outras palavras, é melhor administrar a segunda dose da vacina um pouco mais cedo do que não administrá-la.","(Última revisão / atualização em 16 de março de 2021)"
A segunda dose da vacina de mRNA pode ser dada depois de 21 ou 28 dias e ainda ser eficaz?,"O objetivo da primeira dose de vacina de mRNA é preparar a resposta imune; o segundo o impulsiona. Embora a maioria dos participantes nos testes tenha recebido sua segunda dose no horário programado ou próximo a ele, não há razão biológica para que o recebimento da segunda dose com atraso diminua a eficácia da vacina, desde que seja recebida antes de um intervalo muito longo. Na prática, a segunda dose deve ser administrada o mais rápido possível após o esquecimento da dose programada. Em 21 de janeiro de 2021, o CDC atualizou sua orientação sobre o intervalo entre as doses da vacina, fornecendo informações adicionais sobre a dosagem tardia. Especificamente, a agência diz que quando o esquema recomendado não for viável, a segunda dose pode ser programada para administração em até 6 semanas (42 dias) após a primeira dose. Embora atualmente existam dados limitados sobre a eficácia das vacinas de mRNA Covid-19 administradas além desta janela, se a segunda for dada mais tarde, a série ainda não precisa ser reiniciada.","(Última revisão / atualização em 16 de março de 2021)"
A segunda inoculação precisa ser a mesma vacina de mRNA?,"Embora o mecanismo de ação das duas vacinas de mRNA seja o mesmo, elas não são idênticas, e a segunda injeção deve ser da mesma vacina que a primeira. Não há dados que indiquem que receber uma vacina diferente como segunda injeção seria inseguro ou menos eficaz, mas as vacinas não foram estudadas dessa forma e tais estratégias de dosagem híbrida devem ser evitadas na maioria das circunstâncias. O CDC diz que em situações excepcionais por exemplo, quando um provedor é incapaz de determinar qual vacina o paciente recebeu pela primeira vez - qualquer vacina de mRNA Covid-19 autorizada pode ser administrada em um intervalo mínimo de 28 dias entre as doses para complete a série. Para esses e outros erros de administração, consulte as diretrizes do CDC sobre quais ações tomar - elas estão listadas no Apêndice A nesta página.","(Última revisão / atualização em 16 de março de 2021)"
Um paciente que foi exposto ao Covid-19 deve ser vacinado para prevenir a doença?,"Atualmente não há dados que apóiem ??o uso das vacinas Covid-19 de forma aguda para prevenir doenças após uma exposição conhecida a um caso ativo. Como o período de incubação do Covid-19 é em média de cerca de 5 dias, é improvável que a vacina desencadeie uma resposta imunológica com rapidez suficiente para bloquear a infecção. Como resultado, as pessoas que foram expostas ao Covid-19 devem terminar a quarentena de 10 dias antes de serem vacinadas. Isso pode ser reduzido para 7 dias após o recebimento de um resultado negativo do teste de PCR (o teste deve ocorrer no dia 5 após a exposição ou mais tarde). Uma vez que algumas vacinas para outras doenças (notavelmente a varicela) são eficazes na prevenção da infecção após a exposição, é possível que esta seja uma recomendação futura para a vacinação contra Covid-19, mas atualmente não é.","(Última revisão / atualização em 16 de março de 2021)"
Os pacientes que se recuperaram do Covid-19 devem ser vacinados?,"Sim, eles devem receber uma vacina Covid-19. Algumas das pessoas que participaram dos ensaios clínicos tinham evidências de infecção anterior por SARS-CoV-2 (com base em um teste de anticorpos positivo) e as vacinas eram seguras e eficazes neste grupo. Como a reinfecção após a recuperação de Covid-19 é rara nos primeiros 90 dias, algumas pessoas podem desejar adiar a imunização por tanto tempo - no entanto, se desejam ser imunizadas mais cedo, não há contra-indicação. No entanto, os pacientes que foram tratados com anticorpos monoclonais ou plasma convalescente devem esperar tanto tempo. Esses tratamentos podem inativar as vacinas, tornando-as menos eficazes. Recomenda-se o adiamento da imunização por 90 dias após o tratamento com anticorpos monoclonais ou plasma convalescente. Os pesquisadores relataram que as pessoas com Covid-19 anterior que receberam imunização com as vacinas de mRNA tiveram respostas de anticorpos mais pronunciadas à sua primeira vacina do que aquelas que eram soronegativas. Curiosamente, isso é acompanhado por efeitos colaterais sistêmicos mais marcantes. Essa resposta sugere que a imunidade natural dos pacientes recuperados foi o principal e a primeira vacina foi o reforço para a resposta imune SARS-CoV-2 dos hospedeiros. Embora tal modelo implique que uma segunda dose da vacina pode não ser necessária, nem todos os imunologistas concordam. Por enquanto, uma segunda dose de vacina de mRNA ainda é recomendada.","(Última revisão / atualização em 29 de março de 2021)"
Um paciente com diagnóstico de Covid-19 logo após a primeira dose da vacina de mRNA ainda deve receber a segunda dose programada?,"A vacina começa a gerar imunidade protetora 10 a 14 dias após a primeira injeção. Como resultado, não é surpreendente que algumas pessoas tenham experimentado o Covid-19 logo após sua primeira imunização e, naturalmente, se perguntam se devem prosseguir com a segunda injeção conforme programado originalmente. A recomendação atual é que as pessoas com infecção atual devem esperar até que tenham se recuperado da doença aguda e sejam elegíveis para interromper o isolamento. Essas recomendações se aplicam tanto aos que desenvolveram o Covid-19 antes da primeira injeção, quanto aos que o desenvolveram após o início da série de vacinas. Com base nessa orientação, algumas pessoas do último grupo podem prosseguir com a segunda injeção programada e outras terão de esperar. O tratamento de Covid-19 com anticorpos monoclonais ou plasma convalescente deve atrasar o recebimento da vacina em 90 dias, uma vez que esses tratamentos poderiam, teoricamente, tornar a vacina menos eficaz.","(Última revisão / atualização em 27 de abril de 2021)"
"Um paciente que recebeu um tratamento com anticorpos, soro de convalescença ou ambos para Covid-19 deve receber as vacinas?","Eventualmente sim, mas não imediatamente. Os tratamentos com anticorpos monoclonais para Covid-19 e plasma convalescente podem interferir na resposta imune induzida pela vacina, tornando-os menos eficazes. Recomenda-se o adiamento da imunização por 90 dias.","(Última revisão / atualização em 27 de abril de 2021)"
Como as vacinas afetam a avaliação de um paciente e o teste de diagnóstico para possível Covid-19?,"As vacinas Covid-19 não influenciarão os resultados da PCR ou do teste de antígeno para a doença. As vacinas geram anticorpos contra o SARS-CoV-2, que são direcionados à proteína do pico. Alguns ensaios sorológicos disponíveis testam para este anticorpo; outros não fazem. Os fabricantes dos testes de anticorpos individuais devem ser capazes de fornecer essas informações, que costumam ser listadas na bula. Observe que se você estiver avaliando alguém para Covid-19 ativo ou recente usando teste de anticorpos (não PCR ou antígeno), então um teste que avalie especificamente IgM / IgG para a proteína do nucleocapsídeo deve ser usado. Como observado acima, as vacinas induzem anticorpos à proteína spike SARS-CoV-2, não ao nucleocapsídeo. Os médicos que diagnosticarem um caso de Covid-19 após a vacinação completa devem notificar o departamento de saúde local do estado. O CDC planeja coletar dados sobre esses casos, incluindo o sequenciamento, se possível. As informações sobre esses casos também devem ser relatadas ao Sistema de Notificação de Eventos Adversos de Vacinas (VAERS).","(Última revisão / atualização em 27 de abril de 2021)"
